{
    "state": {
        "individuals": {
            "30781ec8": {
                "name": "Person 1",
                "birth_date": -11520,
                "effects_before": {
                    "E_1": 0.45,
                    "E_2": -0.5252,
                    "E_3": -2.224,
                    "E_4": 0,
                    "E_5": 0.827,
                    "E_6": 0.028,
                    "E_7": -0.5221,
                    "E_8": -0.2234,
                    "E_9": -0.418,
                    "E_10": 0.316893,
                    "E_11": 0.123223,
                    "E_12": -0.42853,
                    "E_13": -0.86432,
                    "E_14": 1.2573,
                    "E_15": 0.63156
                },
                "characteristics": {
                    "E_1": 0.1242,
                    "E_2": -0.5242,
                    "E_3": -0.3123,
                    "E_4": 0,
                    "E_5": 0,
                    "E_6": 0.4123,
                    "E_7": -0.6221,
                    "E_8": 0.2,
                    "E_9": 0.2338,
                    "E_10": -0.312,
                    "E_11": 0.2323,
                    "E_12": -0.853,
                    "E_13": 0.9632,
                    "E_14": -0.1573,
                    "E_15": 0.13156
                },
                "educational_opportunities": 0.2,
                "graduation": "G_4",
                "job_status": "J_1",
                "influence": 0.2
            },
            "c78d1ec0": {
                "name": "Person 2",
                "birth_date": -7920,
                "effects_before": {
                    "E_1": -0.35,
                    "E_2": -0.5252,
                    "E_3": -2.253,
                    "E_4": -0.6854,
                    "E_5": 0.353,
                    "E_6": 0.03532,
                    "E_7": -0.235,
                    "E_8": 0,
                    "E_9": 1.4735,
                    "E_10": -0.2532,
                    "E_11": 0,
                    "E_12": -0.285,
                    "E_13": -0.732,
                    "E_14": 0.352,
                    "E_15": 0
                },
                "characteristics": {
                    "E_1": 0.91782,
                    "E_2": -0.1282,
                    "E_3": -0.574,
                    "E_4": 0.846,
                    "E_5": 0.947,
                    "E_6": 0,
                    "E_7": 0.2973,
                    "E_8": 0.92742,
                    "E_9": 0.2338,
                    "E_10": -0.98863,
                    "E_11": 0.2972,
                    "E_12": 0,
                    "E_13": 0.9928,
                    "E_14": -0.286,
                    "E_15": -0.482
                },
                "educational_opportunities": 0.2,
                "graduation": "G_3",
                "job_status": "J_0",
                "influence": 0.2
            },
            "0d57246c": {},
            "qug742pq": {},
            "vyeqlyub": {},
            "iq3ea8be": {},
            "flihxuoy": {},
            "8q6ygg94": {},
            "46kj8isn": {},
            "wzw0zs2e": {}
        },
        "locations": [
            {
                "id": "gxuh8oh0",
                "location_type": "O_1",
                "name": "Kindergarten 1",
                "individuals": [
                    "0d57246c",
                    "c78d1ec0",
                    "wzw0zs2e",
                    "46kj8isn",
                    "flihxuoy"
                ],
                "effects": {
                    "E_14": 0,
                    "E_3": 0.2,
                    "E_11": -0.075,
                    "E_12": 0.15,
                    "E_15": 0.025
                }
            },
            {
                "id": "p25wp2am",
                "individuals": [
                    "0d57246c",
                    "c78d1ec0",
                    "0d57246c",
                    "46kj8isn"
                ],
                "access": {
                    "characteristics": {
                        "E_14": {
                            "min": 0,
                            "max": 1
                        }
                    }
                }
            },
            {
                "id": "O_11",
                "individuals": [
                    "0d57246c",
                    "30781ec8"
                ]
            }
        ]
    },
    "actions": [
        {
            "id": "M_1",
            "state": "paused",
            "start_date": 0,
            "settings": {
                "cyclic": null
            },
            "visible": true
        },
        {
            "id": "M_2",
            "state": "active",
            "start_date": 365,
            "settings": {
                "cyclic": {
                    "interval_run": 6,
                    "interval_pause": 1
                }
            },
            "visible": true
        }
    ]
}